id|full_name|email|dt_nasc
1|Lotti Mellhuish|lmellhuish0@trellian.com|27.10.1911
2|Rikki Durbridge|rdurbridge1@google.nl|24.11.1991
3|Jessie Prenty|jprenty2@eepurl.com|24.09.1949
4|Traver Tessyman|ttessyman3@ihg.com|23.05.1929
5|Flinn Gerleit|fgerleit4@ucoz.ru|15.04.1967
6|Elayne Clausius|eclausius5@umn.edu|02.10.1996
7|Clayborn Van Oort|cvan6@google.it|12.08.1998
8|Warden Padwick|wpadwick7@dion.ne.jp|05.02.1961
9|Jordan Berdale|jberdale8@google.it|26.03.1997
10|Judi Zanettini|jzanettini9@newyorker.com|03.04.1946
11|Frederigo Quincey|fquinceya@vinaora.com|08.08.1967
12|Beauregard Dewes|bdewesb@51.la|19.08.1988
13|Amalee Grigolon|agrigolonc@vkontakte.ru|13.02.1921
14|Cayla Barstock|cbarstockd@disqus.com|30.11.1976
15|Betsy Whittlesea|bwhittleseae@bloglines.com|04.03.1976
16|Jacquenetta Howse|jhowsef@timesonline.co.uk|13.09.1956
17|Fee Coweuppe|fcoweuppeg@addthis.com|10.07.1903
18|Misty Jannasch|mjannaschh@china.com.cn|06.05.1912
19|Mitch Goudy|mgoudyi@netvibes.com|17.08.1960
20|Stephan Filinkov|sfilinkovj@acquirethisname.com|05.04.2002
21|Riannon Raftery|rrafteryk@vinaora.com|08.06.1996
22|Wileen Cotterrill|wcotterrilll@aol.com|02.05.1936
23|Monroe McLeman|mmclemanm@google.fr|15.04.1970
24|Cary Gostridge|cgostridgen@chronoengine.com|01.06.1922
25|Javier Blankman|jblankmano@hp.com|12.01.2002
26|Garald Thexton|gthextonp@cnet.com|26.05.1924
27|Chad Ashington|cashingtonq@sina.com.cn|08.01.1944
28|Eddy Durkin|edurkinr@slideshare.net|05.10.1955
29|Mauricio Mardy|mmardys@mapy.cz|18.12.1902
30|Katharina Le Blanc|klet@dagondesign.com|15.10.1912
31|Ginger Hurll|ghurllu@hc360.com|03.04.1993
32|Yankee Mapplebeck|ymapplebeckv@wiley.com|23.08.1972
33|Vaughn Mucklow|vmuckloww@google.ru|15.10.1945
34|Stoddard Bentall|sbentallx@qq.com|23.01.1945
35|Demetris Gristwood|dgristwoody@privacy.gov.au|02.07.1974
36|Jakie Bachnic|jbachnicz@state.tx.us|11.11.1971
37|Alexandr McConigal|amcconigal10@newsvine.com|01.12.1953
38|Gretal Tabourel|gtabourel11@liveinternet.ru|19.09.1989
39|Meagan Preuvost|mpreuvost12@quantcast.com|12.11.1957
40|Claire Seeds|cseeds13@baidu.com|13.11.1989
41|Desiri Willoughey|dwilloughey14@trellian.com|26.01.1944
42|Kristyn Lippett|klippett15@cisco.com|29.06.1951
43|Jennifer Furlong|jfurlong16@merriam-webster.com|22.04.1946
44|Lev Vlasyev|lvlasyev17@shutterfly.com|03.05.1932
45|Lina Brothwell|lbrothwell18@nytimes.com|04.06.1948
46|Ermina Wordley|ewordley19@arstechnica.com|26.12.1943
47|Nerte Cadle|ncadle1a@salon.com|30.06.1923
48|Feliks Sunock|fsunock1b@springer.com|24.02.1921
49|Cass Humburton|chumburton1c@dion.ne.jp|24.11.1956
50|Henderson Ughelli|hughelli1d@tmall.com|10.12.1952
51|Joanie Cowburn|jcowburn1e@dedecms.com|15.04.2001
52|Alexandrina Boyen|aboyen1f@thetimes.co.uk|09.12.1955
53|Gunter Comley|gcomley1g@addtoany.com|04.09.1945
54|Ettie Acaster|eacaster1h@tripadvisor.com|01.06.1999
55|Grayce McVee|gmcvee1i@github.com|04.11.1932
56|Kyle Lowres|klowres1j@sohu.com|22.08.1993
57|Louisette MacAllen|lmacallen1k@ezinearticles.com|20.06.1953
58|Harli Maher|hmaher1l@rambler.ru|09.09.1938
59|Lilian Cellone|lcellone1m@drupal.org|03.11.1957
60|Brandtr Kealey|bkealey1n@usatoday.com|11.01.1994
61|Haslett Laraway|hlaraway1o@sfgate.com|08.03.1924
62|Oralee Vane|ovane1p@elegantthemes.com|04.07.1971
63|Moreen Bodycote|mbodycote1q@unc.edu|24.04.1979
64|Rodney Larkcum|rlarkcum1r@umich.edu|22.06.1989
65|Northrop Kegg|nkegg1s@acquirethisname.com|02.07.1920
66|Valina Musico|vmusico1t@cargocollective.com|11.01.1926
67|Gayelord Heamus|gheamus1u@pagesperso-orange.fr|08.08.1956
68|Konstance Ollin|kollin1v@webs.com|27.03.1981
69|Bari Pykerman|bpykerman1w@list-manage.com|29.11.1951
70|Angelika Ahrenius|aahrenius1x@devhub.com|19.07.1941
71|Burnaby Proven|bproven1y@amazonaws.com|16.04.1936
72|Eachelle Smallman|esmallman1z@geocities.jp|08.03.1902
73|Dimitry Dennison|ddennison20@linkedin.com|07.03.1982
74|Sammy Elwin|selwin21@furl.net|25.01.1938
75|Zechariah Borwick|zborwick22@domainmarket.com|09.04.1932
76|Ebba Gerleit|egerleit23@youtu.be|13.07.2003
77|Filmer Secrett|fsecrett24@joomla.org|25.08.1981
78|Cary Shasnan|cshasnan25@army.mil|05.05.1948
79|Alonzo Butterly|abutterly26@sbwire.com|27.09.2001
80|Neron Chesswas|nchesswas27@friendfeed.com|05.11.1935
81|Marmaduke Searjeant|msearjeant28@pcworld.com|28.11.1943
82|Zoe Daens|zdaens29@free.fr|27.06.1926
83|Kacey Paler|kpaler2a@google.co.uk|11.09.1937
84|Bordie Kliemann|bkliemann2b@linkedin.com|07.09.1984
85|Cherise Sidaway|csidaway2c@ezinearticles.com|19.01.1966
86|Emanuel Sigart|esigart2d@jugem.jp|10.11.1915
87|Wenona Rothermel|wrothermel2e@google.ca|13.05.1990
88|Amerigo Lindblad|alindblad2f@auda.org.au|11.08.1960
89|Delphinia Nix|dnix2g@1und1.de|14.01.1989
90|Margit Dmisek|mdmisek2h@cpanel.net|20.09.1958
91|Verla Treace|vtreace2i@hostgator.com|21.06.1951
92|Moyna Kender|mkender2j@mozilla.com|29.10.1903
93|Granthem Harme|gharme2k@last.fm|14.02.1992
94|Sindee Bulled|sbulled2l@guardian.co.uk|09.04.1990
95|Georas Hoffmann|ghoffmann2m@github.com|23.03.2002
96|Cindy Cotilard|ccotilard2n@wired.com|15.12.1960
97|Franciska Ackland|fackland2o@prweb.com|27.09.1972
98|Andriana Moorerud|amoorerud2p@so-net.ne.jp|17.04.2001
99|Chelsea Bille|cbille2q@ehow.com|17.05.1979
100|Alvis Ranklin|aranklin2r@sphinn.com|01.01.1964
101|Nerty Woollett|nwoollett2s@amazon.de|02.11.1912
102|Perrine Shenfisch|pshenfisch2t@tmall.com|02.11.1908
103|Celine Ouchterlony|couchterlony2u@ifeng.com|23.11.1940
104|Leopold Eyckelbeck|leyckelbeck2v@moonfruit.com|22.06.1993
105|Ashil Hamber|ahamber2w@npr.org|09.08.1979
106|Kelsey Lemanu|klemanu2x@booking.com|05.05.1981
107|Salmon Hammand|shammand2y@tamu.edu|11.10.1990
108|Christie Sine|csine2z@etsy.com|26.03.2000
109|Trever Jakab|tjakab30@bluehost.com|28.10.1938
110|Corliss Deeney|cdeeney31@imageshack.us|24.08.1978
111|Jeremie Peeters|jpeeters32@usa.gov|01.01.1915
112|Afton Extill|aextill33@discovery.com|11.05.1966
113|Katherina Cankett|kcankett34@theatlantic.com|04.05.1952
114|Wernher Prester|wprester35@xing.com|18.10.1979
115|Michael Bosward|mbosward36@ted.com|20.11.1902
116|Crista Mepsted|cmepsted37@cam.ac.uk|12.10.1922
117|Adore Escolme|aescolme38@qq.com|25.02.1981
118|Torrance Lippett|tlippett39@soundcloud.com|14.06.1995
119|Torr Tudgay|ttudgay3a@imageshack.us|09.12.1935
120|Nari Argont|nargont3b@msu.edu|22.04.1959
121|Evita Bateup|ebateup3c@printfriendly.com|09.04.1922
122|Mandy Rosingdall|mrosingdall3d@chronoengine.com|20.05.1963
123|Theobald Samber|tsamber3e@list-manage.com|10.04.1954
124|Pegeen Joint|pjoint3f@ifeng.com|27.12.1963
125|Pauline Aynsley|paynsley3g@dion.ne.jp|05.03.1975
126|Gabbie Izaks|gizaks3h@seattletimes.com|14.05.1922
127|Nels Denacamp|ndenacamp3i@furl.net|04.06.1950
128|Amandie Simmgen|asimmgen3j@nhs.uk|29.10.1987
129|Lizzie Toffano|ltoffano3k@yale.edu|15.10.1938
130|Gustaf Priestman|gpriestman3l@intel.com|28.03.1945
131|Keir BoHlingolsen|kbohlingolsen3m@ihg.com|23.02.1917
132|Homer Vayro|hvayro3n@reuters.com|22.02.1956
133|Nomi Spellacy|nspellacy3o@freewebs.com|20.12.1926
134|Isabelle Somerlie|isomerlie3p@webmd.com|21.02.1926
135|Mariejeanne Reford|mreford3q@flavors.me|08.02.1981
136|Michele Mussard|mmussard3r@1und1.de|21.08.1946
137|Carena Maulkin|cmaulkin3s@meetup.com|22.01.1943
138|Etti Torvey|etorvey3t@flavors.me|19.01.2002
139|Shayla Tungate|stungate3u@umn.edu|12.06.1975
140|Colly Lemonby|clemonby3v@reverbnation.com|02.05.1971
141|Gustav Rozzell|grozzell3w@nsw.gov.au|19.02.1966
142|Elke Parrett|eparrett3x@aboutads.info|17.07.1954
143|Emery Shakesby|eshakesby3y@about.com|26.08.1993
144|Marnie Brislawn|mbrislawn3z@tmall.com|29.05.1902
145|Gordon Lowdiane|glowdiane40@deviantart.com|03.01.1907
146|Berthe Jenyns|bjenyns41@google.com.hk|19.09.1962
147|Millicent Simeone|msimeone42@rambler.ru|16.05.2003
148|Rosalinde Stodhart|rstodhart43@nba.com|29.09.1917
149|Heinrik Dawes|hdawes44@netscape.com|14.11.1943
150|Cornell Skentelbury|cskentelbury45@blinklist.com|09.03.1946
151|Gisele Frears|gfrears46@jimdo.com|26.08.1918
152|Carmen Drissell|cdrissell47@berkeley.edu|28.08.1918
153|Calida Stelli|cstelli48@parallels.com|11.03.1902
154|Ardelis Nettleship|anettleship49@msu.edu|09.05.1925
155|Brigg Itzcovichch|bitzcovichch4a@booking.com|23.08.1979
156|Hermine Woodcraft|hwoodcraft4b@flavors.me|17.03.1971
157|Whitaker Vosper|wvosper4c@networkadvertising.org|06.12.1950
158|Danyette Joselin|djoselin4d@ifeng.com|20.06.1957
159|Courtnay Pickvance|cpickvance4e@lulu.com|25.09.1965
160|Borden Stoeckle|bstoeckle4f@smugmug.com|16.10.1940
161|Nadeen Lydon|nlydon4g@fotki.com|03.12.1958
162|Yance Whetland|ywhetland4h@zdnet.com|12.05.1979
163|Olga Pitchers|opitchers4i@themeforest.net|07.07.1950
164|Reagen Stanley|rstanley4j@kickstarter.com|10.06.1918
165|Siegfried Dryburgh|sdryburgh4k@auda.org.au|02.03.1903
166|Port Ick|pick4l@nymag.com|29.10.1912
167|Jonathan Neissen|jneissen4m@csmonitor.com|18.07.1931
168|Celestine Oxnam|coxnam4n@rakuten.co.jp|19.07.1925
169|Starlene Broggetti|sbroggetti4o@who.int|06.06.1910
170|Prissie Pickworth|ppickworth4p@wufoo.com|03.12.1956
171|Sissy Signore|ssignore4q@earthlink.net|30.11.1950
172|Jeniece Seneschal|jseneschal4r@miitbeian.gov.cn|19.09.1994
173|Rubetta Coghlan|rcoghlan4s@nymag.com|06.08.1973
174|Waldo Randal|wrandal4t@washingtonpost.com|23.02.1911
175|Caspar Malyj|cmalyj4u@unicef.org|27.01.1928
176|Noelle Kimpton|nkimpton4v@hp.com|12.12.1904
177|Mei Burgott|mburgott4w@hexun.com|28.10.1934
178|Dolf Wapple|dwapple4x@marriott.com|08.05.1955
179|Nikki Schwant|nschwant4y@live.com|06.10.1953
180|Pascal Augar|paugar4z@mtv.com|15.09.1905
181|Jae MacCroary|jmaccroary50@twitter.com|02.08.1976
182|Theodora Osgorby|tosgorby51@pcworld.com|12.10.1901
183|Cindelyn Able|cable52@washingtonpost.com|13.04.1956
184|Joey Sam|jsam53@usda.gov|12.01.1952
185|Jozef Bascomb|jbascomb54@mediafire.com|06.06.1941
186|Rosy House|rhouse55@adobe.com|26.07.1967
187|Clementius Brabyn|cbrabyn56@tinyurl.com|15.02.1905
188|Ardelle Gillatt|agillatt57@cnn.com|11.03.1965
189|Georgette Bilham|gbilham58@miitbeian.gov.cn|28.02.1915
190|Sashenka Weymouth|sweymouth59@opera.com|06.08.1945
191|Gordon Frangello|gfrangello5a@geocities.jp|28.09.1939
192|Billye Roaf|broaf5b@weibo.com|01.11.1904
193|Marysa Skipworth|mskipworth5c@w3.org|14.02.1995
194|Illa Issit|iissit5d@ask.com|30.03.1931
195|Eberto Cammomile|ecammomile5e@wix.com|28.12.1912
196|Titus Bossons|tbossons5f@yahoo.com|29.05.1940
197|Nert Ferguson|nferguson5g@purevolume.com|10.04.1981
198|Griz Rawe|grawe5h@free.fr|05.03.1901
199|Andrea Hastings|ahastings5i@marriott.com|16.02.1949
200|Melita Cavil|mcavil5j@netscape.com|27.11.1945
201|Ryon Skentelbury|rskentelbury5k@163.com|25.03.1939
202|Bank Patnelli|bpatnelli5l@mediafire.com|28.02.1996
203|Claribel Coldicott|ccoldicott5m@archive.org|05.01.1954
204|Eveline De la Perrelle|ede5n@furl.net|16.03.1920
205|Faulkner Rendbaek|frendbaek5o@imgur.com|24.09.1922
206|Winnah Beardshaw|wbeardshaw5p@cocolog-nifty.com|04.09.1946
207|Gwenni Knewstubb|gknewstubb5q@chronoengine.com|26.06.1990
208|Tanner Duffell|tduffell5r@bbc.co.uk|13.06.1914
209|Walden Spuner|wspuner5s@foxnews.com|29.10.1942
210|Lissa Orro|lorro5t@bigcartel.com|20.06.1953
211|Errick Enderson|eenderson5u@over-blog.com|13.01.1963
212|Ina Bett|ibett5v@seattletimes.com|08.05.1914
213|Julee Fetteplace|jfetteplace5w@pen.io|23.11.1913
214|Griffin Osgood|gosgood5x@slashdot.org|09.10.1945
215|Florencia McMonies|fmcmonies5y@google.com.au|13.09.1918
216|Dominick Wattinham|dwattinham5z@cloudflare.com|05.09.1971
217|Arvy Poncet|aponcet60@prweb.com|12.06.1930
218|Royal Raggles|rraggles61@youku.com|11.09.1984
219|Emera Cuberley|ecuberley62@storify.com|10.08.1932
220|Emmett Rannie|erannie63@ihg.com|03.11.1983
221|Brett Riccardi|briccardi64@alibaba.com|03.03.1973
222|Carmencita Heckner|checkner65@opensource.org|16.06.1963
223|Alis Phythien|aphythien66@usgs.gov|24.07.1934
224|Vikky Demeza|vdemeza67@state.tx.us|22.09.1916
225|Dennie McGrill|dmcgrill68@cdbaby.com|07.08.1987
226|Marv Dawks|mdawks69@cam.ac.uk|18.03.1964
227|Tyrone Sandy|tsandy6a@google.com.br|17.01.1975
228|Sharon Peyto|speyto6b@deviantart.com|02.02.2003
229|Gayla Vaudin|gvaudin6c@ifeng.com|13.02.1940
230|Jack Holme|jholme6d@blogger.com|14.11.1946
231|Care Piesold|cpiesold6e@sina.com.cn|01.08.1984
232|Verge Botton|vbotton6f@bbc.co.uk|28.08.1955
233|Glennie Christou|gchristou6g@posterous.com|10.12.1962
234|Myrna Ninnis|mninnis6h@deviantart.com|19.05.1935
235|Trevar Wasielewski|twasielewski6i@imdb.com|22.03.1993
236|Becca Prene|bprene6j@washington.edu|24.07.1930
237|Kennett Andrault|kandrault6k@digg.com|02.11.1965
238|Hercule Fuentes|hfuentes6l@icq.com|17.03.1920
239|Viviene Wigglesworth|vwigglesworth6m@networkadvertising.org|11.09.1916
240|Edith Karolyi|ekarolyi6n@ucoz.ru|15.09.1988
241|Tann Littler|tlittler6o@admin.ch|22.04.1939
242|Carlin Kasparski|ckasparski6p@pcworld.com|16.03.1929
243|Cecelia Scyone|cscyone6q@mayoclinic.com|08.10.1959
244|Alfi Acres|aacres6r@oakley.com|08.01.1944
245|Jay Husbands|jhusbands6s@angelfire.com|17.05.1959
246|Anabella Capeling|acapeling6t@newyorker.com|27.11.1910
247|Morris Barwack|mbarwack6u@dyndns.org|18.08.1987
248|Gwyn Schroter|gschroter6v@europa.eu|26.02.1923
249|Fredrick Vear|fvear6w@elpais.com|15.07.1933
250|Lynn MacDearmid|lmacdearmid6x@foxnews.com|17.05.1981
251|Clifford Conichie|cconichie6y@utexas.edu|08.12.1960
252|Muffin Klassmann|mklassmann6z@tamu.edu|22.08.1913
253|Jeramey Annis|jannis70@last.fm|24.02.1934
254|Terrye Fieldhouse|tfieldhouse71@parallels.com|25.02.1917
255|Pasquale Giggie|pgiggie72@google.com|05.09.2001
256|Shelia Dodding|sdodding73@aboutads.info|24.01.1979
257|Benjamen Snelman|bsnelman74@hibu.com|16.11.1910
258|Fabio Brunner|fbrunner75@blogtalkradio.com|05.03.1940
259|Happy Bockin|hbockin76@theglobeandmail.com|01.01.1904
260|Jecho Fruin|jfruin77@wunderground.com|23.01.1985
261|Bear Patel|bpatel78@networkadvertising.org|07.01.1947
262|Miran Kendrew|mkendrew79@scribd.com|18.10.1937
263|Richart Purseglove|rpurseglove7a@opensource.org|25.12.1920
264|Merwyn Wisdish|mwisdish7b@blogger.com|22.05.1906
265|Orville Ullyatt|oullyatt7c@patch.com|18.01.1914
266|Saunder Dimitrie|sdimitrie7d@hatena.ne.jp|20.12.1989
267|Pembroke Grewer|pgrewer7e@t.co|05.08.1937
268|Hilliary Cotton|hcotton7f@prweb.com|15.02.1923
269|Blake Redbourn|bredbourn7g@usgs.gov|09.09.1998
270|Maynord Lambrechts|mlambrechts7h@devhub.com|03.11.1920
271|Berry Gannon|bgannon7i@flickr.com|01.08.1977
272|Dusty Haskell|dhaskell7j@goo.ne.jp|21.02.1983
273|Justina de Leon|jde7k@eventbrite.com|03.06.1918
274|Vivia Kyllford|vkyllford7l@icio.us|11.09.1912
275|Pat Saphin|psaphin7m@blinklist.com|25.04.1973
276|Emmalynne Aharoni|eaharoni7n@privacy.gov.au|06.06.1949
277|Lauritz Magog|lmagog7o@technorati.com|02.09.1964
278|Emmy Dawidowicz|edawidowicz7p@globo.com|09.03.1938
279|Mirella Piercy|mpiercy7q@gov.uk|11.06.1995
280|Toma Redit|tredit7r@google.de|25.01.1918
281|Ado Blackborn|ablackborn7s@princeton.edu|28.12.1930
282|Dorisa Randleson|drandleson7t@weebly.com|20.03.1942
283|Ferdinanda Crimpe|fcrimpe7u@istockphoto.com|18.01.1932
284|Albert Parriss|aparriss7v@ocn.ne.jp|08.07.1952
285|Gilbert Fontel|gfontel7w@harvard.edu|14.07.1948
286|Jory Upham|jupham7x@hatena.ne.jp|29.10.1941
287|Hy Corson|hcorson7y@mayoclinic.com|23.07.1962
288|Witty Asbrey|wasbrey7z@ustream.tv|15.04.1952
289|Everard Growcock|egrowcock80@homestead.com|14.09.1919
290|Vale Bradnocke|vbradnocke81@e-recht24.de|12.06.1950
291|Travus Bladesmith|tbladesmith82@wired.com|18.09.1992
292|Felix Gerrey|fgerrey83@istockphoto.com|20.05.1935
293|Brinna Conford|bconford84@homestead.com|12.12.1909
294|Drucie Mager|dmager85@istockphoto.com|14.11.1982
295|Gasparo Craigs|gcraigs86@smh.com.au|10.11.1939
296|Ahmed Huygen|ahuygen87@bigcartel.com|27.08.1975
297|Ringo Gerssam|rgerssam88@icio.us|22.07.2001
298|Bobbie Paullin|bpaullin89@about.me|08.01.1943
299|Patrizia Hearne|phearne8a@hexun.com|22.10.1992
300|Greta Kynd|gkynd8b@shinystat.com|24.04.1954
301|Myrilla Agron|magron8c@paginegialle.it|21.12.1953
302|Hamilton Groveham|hgroveham8d@dion.ne.jp|15.04.1904
303|Fritz Addinall|faddinall8e@mlb.com|02.04.1945
304|Lyndsie Treske|ltreske8f@time.com|15.04.1963
305|Blayne Bilofsky|bbilofsky8g@cyberchimps.com|13.09.1922
306|Luther Arthey|larthey8h@tripod.com|26.10.2001
307|Tomi Beddon|tbeddon8i@phoca.cz|26.05.1989
308|Nydia Iglesiaz|niglesiaz8j@google.com.hk|25.11.1989
309|Ines Brydie|ibrydie8k@nba.com|12.10.2002
310|Wilhelmine Douthwaite|wdouthwaite8l@weebly.com|25.09.1993
311|Jonathan Spurden|jspurden8m@reddit.com|25.04.1951
312|Gabie Wharton|gwharton8n@yahoo.co.jp|09.03.1959
313|Theodor Singyard|tsingyard8o@house.gov|15.08.1969
314|Celestia Ferenc|cferenc8p@multiply.com|17.02.1907
315|Luca Larrie|llarrie8q@elpais.com|05.08.1997
316|Ginnie Cocks|gcocks8r@washington.edu|13.06.2002
317|Frasco Veryan|fveryan8s@wix.com|09.07.1995
318|Holden Pond|hpond8t@hp.com|15.02.1903
319|Berti Elen|belen8u@stumbleupon.com|09.01.1924
320|Reube Hurch|rhurch8v@wikimedia.org|12.04.1928
321|Sella De Blasi|sde8w@tuttocitta.it|16.04.1978
322|Lyndsay Lingley|llingley8x@miibeian.gov.cn|09.05.1911
323|Brandise Castellaccio|bcastellaccio8y@blinklist.com|26.09.1926
324|Liz Mackstead|lmackstead8z@statcounter.com|26.08.1910
325|Edik I'anson|eianson90@nhs.uk|25.07.1914
326|Davidson Duchenne|dduchenne91@cnet.com|13.09.1994
327|Obed Crossman|ocrossman92@jugem.jp|07.10.1930
328|Had Worgan|hworgan93@lulu.com|22.03.1946
329|Lilly Brayford|lbrayford94@telegraph.co.uk|12.06.1987
330|Jacquelyn Aleksandrikin|jaleksandrikin95@google.nl|06.03.1942
331|Alex Sloegrave|asloegrave96@si.edu|28.07.1909
332|Raynor Fullalove|rfullalove97@blinklist.com|11.06.1966
333|Celesta Emmanuele|cemmanuele98@flickr.com|14.08.1998
334|Debor Tice|dtice99@bloglines.com|01.08.1927
335|Willabella Dungay|wdungay9a@gravatar.com|29.09.1924
336|Shadow Temlett|stemlett9b@yahoo.co.jp|23.01.1934
337|Flem Combes|fcombes9c@soundcloud.com|31.07.1991
338|Chrisy Nendick|cnendick9d@epa.gov|13.04.1921
339|Fayette Shuttlewood|fshuttlewood9e@wikipedia.org|28.06.1909
340|Kendra Born|kborn9f@si.edu|17.01.1995
341|Adam Andreu|aandreu9g@usda.gov|03.05.1907
342|Philomena Streetfield|pstreetfield9h@sciencedirect.com|05.01.1999
343|Skipp Climpson|sclimpson9i@usnews.com|14.10.1910
344|Crin Dowe|cdowe9j@adobe.com|15.11.1933
345|Zabrina Lapish|zlapish9k@tinypic.com|01.03.1994
346|Lindy Nunes Nabarro|lnunes9l@nba.com|29.07.1975
347|Barney Pickavant|bpickavant9m@earthlink.net|19.08.1905
348|Candida Morehall|cmorehall9n@google.co.uk|26.12.1928
349|Lawton Tineman|ltineman9o@constantcontact.com|12.03.1958
350|Olivette McBayne|omcbayne9p@posterous.com|14.09.1928
351|Guido Dain|gdain9q@ocn.ne.jp|11.07.2002
352|Lotty Fanti|lfanti9r@sphinn.com|08.07.1973
353|Tonye Schwandermann|tschwandermann9s@typepad.com|05.11.1921
354|Huberto Greally|hgreally9t@bing.com|17.08.1993
355|Kalvin Robertacci|krobertacci9u@issuu.com|06.08.1960
356|Dela Gibbins|dgibbins9v@telegraph.co.uk|19.09.1923
357|Pietro Geockle|pgeockle9w@google.ca|27.10.1914
358|Jesus McMurty|jmcmurty9x@intel.com|12.10.1937
359|Odelle Brittin|obrittin9y@google.ru|19.12.1943
360|Warner Scamadin|wscamadin9z@berkeley.edu|29.04.2000
361|Ty Lippingwell|tlippingwella0@amazon.co.uk|01.01.1910
362|Addy Handyside|ahandysidea1@miitbeian.gov.cn|03.08.1917
363|Saxon Vassel|svassela2@joomla.org|01.12.1999
364|Jarvis Webbe|jwebbea3@live.com|09.04.1951
365|Dimitri Mosey|dmoseya4@reverbnation.com|30.07.1973
366|Ondrea Corbridge|ocorbridgea5@quantcast.com|03.04.1932
367|Didi Whiffen|dwhiffena6@redcross.org|22.01.1904
368|Kerri de Courcey|kdea7@pinterest.com|27.10.1904
369|Kym Musla|kmuslaa8@mysql.com|31.01.1994
370|Lyn Plinck|lplincka9@dedecms.com|20.07.1979
371|Kiley Filippone|kfilipponeaa@nbcnews.com|08.02.1987
372|Kalinda Possek|kpossekab@hostgator.com|19.02.1927
373|Wes Blood|wbloodac@ed.gov|29.07.1968
374|Inge Yarn|iyarnad@redcross.org|24.10.2000
375|Saleem Winpenny|swinpennyae@soup.io|16.01.1972
376|Lenka Wehner|lwehneraf@networksolutions.com|09.04.1987
377|Roderick Scamwell|rscamwellag@chronoengine.com|24.02.1933
378|Francois Dudmarsh|fdudmarshah@over-blog.com|17.12.1929
379|Merrie Caton|mcatonai@dagondesign.com|27.12.1993
380|Gerty Weaver|gweaveraj@is.gd|05.03.1986
381|Mohammed Gregorin|mgregorinak@dyndns.org|09.12.1988
382|Noni Galiford|ngalifordal@spotify.com|13.11.1905
383|Marsha McCrea|mmccreaam@1und1.de|28.08.1913
384|Gauthier Burnall|gburnallan@geocities.jp|19.12.1969
385|Kaja Losebie|klosebieao@dmoz.org|20.10.1962
386|Elisabetta Norrington|enorringtonap@shop-pro.jp|21.05.1952
387|Tiebout Teers|tteersaq@zimbio.com|26.10.1962
388|Jarid Vequaud|jvequaudar@psu.edu|22.03.1933
389|Guenevere Bierton|gbiertonas@cmu.edu|03.03.1973
390|Joanie Leveritt|jleverittat@topsy.com|22.12.1950
391|Jody Battaille|jbattailleau@flickr.com|19.07.1954
392|Nickie Curd|ncurdav@dedecms.com|23.03.1906
393|Adair Rambadt|arambadtaw@arizona.edu|16.05.1933
394|Eyde Sanzio|esanzioax@cyberchimps.com|26.01.1963
395|Karim Bertie|kbertieay@cocolog-nifty.com|26.05.1959
396|Glenden Muffin|gmuffinaz@tripadvisor.com|21.05.1917
397|Tate Hanalan|thanalanb0@behance.net|03.05.1976
398|Bernardo Hessentaler|bhessentalerb1@ftc.gov|27.04.1940
399|Sella Errett|serrettb2@networkadvertising.org|24.07.1906
400|Clem Pointin|cpointinb3@free.fr|16.12.1982
401|Corenda Corston|ccorstonb4@nsw.gov.au|15.03.1930
402|Ashlie Edworthie|aedworthieb5@amazonaws.com|28.04.1964
403|Denyse Penddreth|dpenddrethb6@360.cn|24.01.1930
404|Darcy Buddles|dbuddlesb7@census.gov|02.06.1955
405|Andrea Seif|aseifb8@accuweather.com|29.04.1969
406|Floyd Melladew|fmelladewb9@bbc.co.uk|27.06.1959
407|Bertie Sesser|bsesserba@de.vu|18.03.1905
408|Gillian Bison|gbisonbb@wunderground.com|19.10.1986
409|Horton Stooke|hstookebc@pagesperso-orange.fr|24.03.1934
410|Rudolph Abrashkin|rabrashkinbd@artisteer.com|04.12.1933
411|Beilul Rulten|brultenbe@netscape.com|16.01.1993
412|Elisha Barten|ebartenbf@taobao.com|28.02.1908
413|Tedmund Andreasson|tandreassonbg@jigsy.com|03.03.1986
414|Teena Stitcher|tstitcherbh@usnews.com|04.09.1970
415|Jewelle Gouge|jgougebi@hibu.com|19.11.1994
416|Inge Jaskiewicz|ijaskiewiczbj@mac.com|06.07.1911
417|Hoebart Harling|hharlingbk@nhs.uk|10.12.1956
418|Robinson Dundon|rdundonbl@wiley.com|10.08.1962
419|Brena Yule|byulebm@tripadvisor.com|05.11.1971
420|Dinny Lody|dlodybn@surveymonkey.com|29.11.1972
421|Julita Ewestace|jewestacebo@hostgator.com|31.01.1931
422|Kirk Daltrey|kdaltreybp@china.com.cn|28.04.1989
423|Etti Ivashinnikov|eivashinnikovbq@simplemachines.org|28.02.1988
424|Langsdon Trippett|ltrippettbr@abc.net.au|24.01.1920
425|Katheryn Unger|kungerbs@wisc.edu|15.02.1939
426|Mellicent Tatnell|mtatnellbt@techcrunch.com|24.01.1956
427|Kenyon Beau|kbeaubu@opensource.org|18.04.1995
428|Larry Colville|lcolvillebv@amazon.com|11.11.1930
429|Lindy Lackner|llacknerbw@unc.edu|16.01.1954
430|Jaquith Alty|jaltybx@mit.edu|20.02.1922
431|Heda Prestney|hprestneyby@slideshare.net|04.10.1985
432|Jeniffer Portam|jportambz@usda.gov|16.06.1995
433|Tamera Betteson|tbettesonc0@wufoo.com|15.07.1963
434|Annabal Higgonet|ahiggonetc1@paginegialle.it|22.04.1909
435|Jud Firmager|jfirmagerc2@cnet.com|30.10.1939
436|Dalila Alasdair|dalasdairc3@hexun.com|29.06.1972
437|Tomasine Dadge|tdadgec4@diigo.com|29.12.1934
438|Demeter Buick|dbuickc5@wordpress.org|10.12.1990
439|Bartolemo Wagen|bwagenc6@phpbb.com|08.11.1928
440|Rochelle Kenward|rkenwardc7@timesonline.co.uk|18.12.1931
441|Julissa Braybrooke|jbraybrookec8@cornell.edu|29.04.1927
442|Cass Maas|cmaasc9@soup.io|29.06.1931
443|Reggi Danigel|rdanigelca@delicious.com|05.03.1964
444|Angeli Lambourn|alambourncb@dailymotion.com|27.01.1918
445|Lilla Harford|lharfordcc@wikia.com|28.02.1945
446|Leonardo Dovydenas|ldovydenascd@uol.com.br|18.03.1909
447|Jamey Parsisson|jparsissonce@unicef.org|08.04.1940
448|Levy Meletti|lmeletticf@marketwatch.com|14.01.1951
449|Orbadiah MacCostigan|omaccostigancg@state.tx.us|12.08.1994
450|Yance Margerison|ymargerisonch@paginegialle.it|25.10.1922
451|Julissa Raun|jraunci@storify.com|22.08.1927
452|Cleveland Wharfe|cwharfecj@qq.com|24.06.1954
453|Oswell Greenfield|ogreenfieldck@wisc.edu|28.01.1959
454|Jobye Tezure|jtezurecl@addtoany.com|09.06.1979
455|Lu Witsey|lwitseycm@bluehost.com|16.01.1923
456|Byrann Tinniswood|btinniswoodcn@yale.edu|12.12.1988
457|Melitta McCrow|mmccrowco@reuters.com|25.06.1983
458|Candida Alred|calredcp@over-blog.com|06.02.1909
459|Gaye Breitler|gbreitlercq@stumbleupon.com|02.06.1911
460|Nonnah Quincee|nquinceecr@oracle.com|07.03.1921
461|Elladine Bleier|ebleiercs@bing.com|04.10.1997
462|Brice Joscelyn|bjoscelynct@ycombinator.com|08.03.1992
463|Jeni Tunnadine|jtunnadinecu@creativecommons.org|09.06.1961
464|Wadsworth Alejandro|walejandrocv@surveymonkey.com|10.01.1903
465|Cristal Rossant|crossantcw@telegraph.co.uk|26.07.1974
466|Gretna Bestwall|gbestwallcx@irs.gov|04.03.1908
467|Fayina Chalcraft|fchalcraftcy@baidu.com|13.12.1940
468|Avictor Rodgers|arodgerscz@smh.com.au|17.09.1912
469|Wash Kellett|wkellettd0@mail.ru|06.05.1917
470|Glennis Stubbley|gstubbleyd1@opensource.org|05.01.1910
471|Amii Retter|aretterd2@ustream.tv|01.11.1909
472|Ros Hatherley|rhatherleyd3@dailymail.co.uk|23.10.1917
473|Pansy Ludlom|pludlomd4@tmall.com|07.10.1907
474|Leigh Cescoti|lcescotid5@telegraph.co.uk|22.02.1956
475|Jarred Haresign|jharesignd6@linkedin.com|30.07.1902
476|Josefina Aleksahkin|jaleksahkind7@blogs.com|28.10.1907
477|Onida Chastey|ochasteyd8@yandex.ru|04.07.1917
478|Dorelle Ruane|druaned9@tripadvisor.com|28.11.2001
479|Malissa Wigg|mwiggda@edublogs.org|04.06.1911
480|Anallise Britee|abriteedb@java.com|26.03.1997
481|Welby Mitham|wmithamdc@tripadvisor.com|22.09.1954
482|Merrili Amthor|mamthordd@vinaora.com|24.12.1910
483|Elonore Hupe|ehupede@omniture.com|02.01.1969
484|Wanda Geffcock|wgeffcockdf@statcounter.com|23.05.1993
485|Karil Manna|kmannadg@usatoday.com|29.03.1918
486|Delmer Kirwan|dkirwandh@abc.net.au|29.10.1914
487|Duane Sichardt|dsichardtdi@time.com|19.04.1904
488|Glyn Ulyat|gulyatdj@joomla.org|09.07.1963
489|Loren Dennerly|ldennerlydk@weebly.com|12.08.1985
490|Melodie Tremollet|mtremolletdl@alexa.com|07.02.1953
491|Clerkclaude Handes|chandesdm@apple.com|21.08.1905
492|Quent Hollingby|qhollingbydn@sina.com.cn|14.07.1941
493|Stirling Cometti|scomettido@ihg.com|10.08.1988
494|Renae Wolfe|rwolfedp@netvibes.com|12.04.1991
495|Arvin Falco|afalcodq@abc.net.au|03.04.1991
496|Hamil Esherwood|hesherwooddr@foxnews.com|14.01.1984
497|Nelli Tilberry|ntilberryds@twitpic.com|09.05.1961
498|Tobias Hugnin|thugnindt@kickstarter.com|07.09.1984
499|Gracie Andreasen|gandreasendu@geocities.jp|27.04.1960
500|Ellwood Brabin|ebrabindv@blogspot.com|28.09.1988
501|William Deport|wdeportdw@sogou.com|31.12.1994
502|Emili Crambie|ecrambiedx@pen.io|16.08.1904
503|Viki Turn|vturndy@com.com|18.09.1909
504|Basile Hutcheon|bhutcheondz@ucoz.ru|19.01.1906
505|Eirena Bisp|ebispe0@eepurl.com|30.03.1963
506|Aksel Kuhle|akuhlee1@shinystat.com|11.06.1921
507|Davon Stebbings|dstebbingse2@msn.com|22.08.1925
508|Yankee Keenleyside|ykeenleysidee3@bravesites.com|07.03.1927
509|Wait Halsted|whalstede4@wikipedia.org|04.02.1980
510|Jeralee Cage|jcagee5@vk.com|19.11.1925
511|Sim Emloch|semloche6@chicagotribune.com|20.12.1965
512|Lazare Gorthy|lgorthye7@t-online.de|20.04.1964
513|Catina Real|creale8@ucla.edu|23.09.1973
514|Marsiella Houlison|mhoulisone9@samsung.com|04.04.2003
515|Marietta McSkin|mmcskinea@youku.com|23.01.1935
516|Jenna Meak|jmeakeb@indiatimes.com|11.06.1987
517|Deonne Wiltshaw|dwiltshawec@businessinsider.com|27.09.1987
518|Aloysius Gilling|agillinged@tripod.com|10.04.1974
519|Emmalyn Pechacek|epechacekee@zdnet.com|01.05.1953
520|Clarance Lowther|clowtheref@ucla.edu|25.11.1947
521|Redford Oiller|roillereg@symantec.com|13.01.1953
522|Kerwin Defew|kdefeweh@cbsnews.com|08.11.1960
523|Ewan Chinnery|echinneryei@istockphoto.com|28.09.1963
524|Arleyne Hutcheon|ahutcheonej@mozilla.org|31.01.1909
525|Gert Gopsill|ggopsillek@ovh.net|20.09.1987
526|Emelina Soldan|esoldanel@patch.com|14.01.1939
527|Tedie Charley|tcharleyem@intel.com|06.07.1997
528|Aldous Fear|afearen@state.tx.us|05.02.1928
529|Barbabas Skelhorn|bskelhorneo@jimdo.com|23.12.1930
530|Cary Ledward|cledwardep@bloglines.com|18.02.1963
531|Jason Limbourne|jlimbourneeq@bluehost.com|22.08.1961
532|Mirabelle Jone|mjoneer@amazon.de|01.07.1903
533|Symon Corinton|scorintones@mediafire.com|24.04.1999
534|Gino Mateus|gmateuset@plala.or.jp|02.07.1901
535|Rebekah Copestake|rcopestakeeu@washingtonpost.com|15.08.1934
536|Tobe Gault|tgaultev@miibeian.gov.cn|06.12.1969
537|Austen Gauthorpp|agauthorppew@ow.ly|10.06.1968
538|Dolf Lyston|dlystonex@nytimes.com|03.02.1943
539|Phyllis Hillhouse|phillhouseey@people.com.cn|04.11.1995
540|Dion Conklin|dconklinez@surveymonkey.com|17.04.1954
541|Vassily Ickovitz|vickovitzf0@a8.net|11.06.1939
542|Darryl Halksworth|dhalksworthf1@gov.uk|03.01.1936
543|Corey Cleminson|ccleminsonf2@blogger.com|11.05.1983
544|Jillane McReynold|jmcreynoldf3@omniture.com|25.07.1942
545|Antin Hairs|ahairsf4@prweb.com|07.03.1986
546|Craig Welbourn|cwelbournf5@deliciousdays.com|06.05.1945
547|Alphard Torres|atorresf6@discovery.com|25.04.1980
548|Austina Vargas|avargasf7@jiathis.com|09.01.1949
549|Roxine Perkis|rperkisf8@elegantthemes.com|09.07.1931
550|Dicky Duffy|dduffyf9@disqus.com|03.11.2000
551|Kamilah Guynemer|kguynemerfa@usda.gov|06.12.1947
552|Eveline Sollars|esollarsfb@sitemeter.com|27.04.1984
553|Pearce Rucklidge|prucklidgefc@imageshack.us|08.04.2002
554|Marsh Cuerdale|mcuerdalefd@netscape.com|10.04.1980
555|Cassie Yole|cyolefe@si.edu|21.02.1955
556|Auguste Braizier|abraizierff@odnoklassniki.ru|25.08.1911
557|Adeline Antoniazzi|aantoniazzifg@123-reg.co.uk|09.02.1947
558|Robinetta Blaskett|rblaskettfh@mit.edu|18.05.1949
559|Alethea Grinval|agrinvalfi@so-net.ne.jp|25.06.1984
560|Lynnette Allnutt|lallnuttfj@live.com|19.02.1943
561|Homer Brittin|hbrittinfk@youtube.com|09.12.1935
562|Reine Wyldish|rwyldishfl@nps.gov|20.05.1971
563|Ulrick Mingard|umingardfm@redcross.org|18.11.1965
564|Cristi Grzeszczak|cgrzeszczakfn@liveinternet.ru|12.05.1943
565|Ody Westney|owestneyfo@ucoz.ru|07.07.1922
566|Berton Peppard|bpeppardfp@ocn.ne.jp|16.03.1953
567|Jonell Cracknall|jcracknallfq@hibu.com|25.06.2003
568|Blithe Lyman|blymanfr@51.la|19.03.1940
569|Rita Gaskarth|rgaskarthfs@bluehost.com|17.07.1952
570|Howey Center|hcenterft@ucoz.com|25.05.1917
571|Jackson Wearn|jwearnfu@blogspot.com|19.02.1914
572|Nollie Lilleman|nlillemanfv@gmpg.org|08.07.1923
573|Brandy Bedenham|bbedenhamfw@aboutads.info|13.06.1940
574|Jenna Briiginshaw|jbriiginshawfx@hp.com|22.01.1969
575|Derrek McGinnell|dmcginnellfy@cam.ac.uk|07.05.1986
576|Joanie Joiner|jjoinerfz@google.de|21.01.1923
577|Virge Rummins|vrumminsg0@rambler.ru|07.12.1935
578|Tamarah Draisey|tdraiseyg1@gizmodo.com|14.05.1917
579|May Cerith|mcerithg2@washington.edu|06.11.1986
580|Don Copcott|dcopcottg3@goo.gl|26.01.1974
581|Dante Fawlks|dfawlksg4@github.com|12.01.1953
582|Madison Fallow|mfallowg5@omniture.com|21.12.1982
583|Stu FitzGibbon|sfitzgibbong6@myspace.com|08.06.1979
584|Giuseppe Luthwood|gluthwoodg7@pinterest.com|21.02.1947
585|Iggy Schuricke|ischurickeg8@yellowbook.com|10.11.1959
586|Gery Ackhurst|gackhurstg9@netlog.com|29.12.1969
587|Brocky Tidd|btiddga@spiegel.de|09.12.1949
588|Xerxes Pere|xperegb@shinystat.com|12.10.1922
589|Florencia Downham|fdownhamgc@prweb.com|14.09.1926
590|Aloin Tythacott|atythacottgd@upenn.edu|27.08.1977
591|Tybie Bogays|tbogaysge@sciencedirect.com|28.02.1920
592|Ingar Gossage|igossagegf@google.ru|30.12.1906
593|Andrus Gwinnett|agwinnettgg@quantcast.com|04.01.1941
594|Estrellita Golds|egoldsgh@goo.ne.jp|22.09.1956
595|Thia Spraging|tspraginggi@slate.com|29.01.1973
596|Etta Byway|ebywaygj@ibm.com|31.10.1906
597|Nathalie Kell|nkellgk@stumbleupon.com|02.08.1968
598|Stefania Rulton|srultongl@msn.com|09.06.1914
599|Zahara Barthelet|zbartheletgm@angelfire.com|29.05.1965
600|Lukas Kirke|lkirkegn@4shared.com|26.05.1955
601|Kingsly Simpkins|ksimpkinsgo@sourceforge.net|26.07.1916
602|Remy Willmott|rwillmottgp@oaic.gov.au|13.01.1981
603|Emily Cousin|ecousingq@imageshack.us|23.08.1970
604|Jenn Petrovsky|jpetrovskygr@free.fr|13.02.1984
605|Jemimah Rudgard|jrudgardgs@theglobeandmail.com|01.04.1991
606|Nananne Hurlin|nhurlingt@simplemachines.org|13.10.1913
607|Den Norcop|dnorcopgu@examiner.com|08.09.1918
608|Othello Haines|ohainesgv@msn.com|24.06.1923
609|Egan Houten|ehoutengw@behance.net|26.09.1963
610|Barnard Seers|bseersgx@mozilla.com|17.04.1984
611|Irwin Haacker|ihaackergy@apple.com|08.02.1955
612|Livia Townshend|ltownshendgz@naver.com|09.04.1930
613|Sidonnie Flintoffe|sflintoffeh0@parallels.com|13.06.1985
614|Findlay Easen|feasenh1@marriott.com|22.04.2000
615|Lishe Broadberrie|lbroadberrieh2@apache.org|09.10.1951
616|Yule Girardin|ygirardinh3@ifeng.com|21.05.1919
617|Ella Alston|ealstonh4@4shared.com|17.04.1928
618|Colette Hentzer|chentzerh5@wiley.com|30.11.1950
619|Niko Chrichton|nchrichtonh6@senate.gov|25.09.1940
620|Keriann Duncan|kduncanh7@people.com.cn|24.02.1901
621|Dom Pack|dpackh8@zdnet.com|26.12.1966
622|Dallas Gaspard|dgaspardh9@nps.gov|15.08.1991
623|Orin Coslett|ocoslettha@wunderground.com|25.12.1929
624|Pennie Colbridge|pcolbridgehb@shop-pro.jp|19.07.1922
625|Enos Steutly|esteutlyhc@cbsnews.com|30.05.2001
626|Hector Petegre|hpetegrehd@hp.com|17.12.1932
627|Madlen Berkley|mberkleyhe@cisco.com|26.07.1977
628|Cristen Hancke|chanckehf@whitehouse.gov|19.02.1935
629|Lemuel Weavers|lweavershg@virginia.edu|30.06.1965
630|Templeton Hamer|thamerhh@adobe.com|07.12.1941
631|Marlo Warfield|mwarfieldhi@usda.gov|21.01.1967
632|Rosy Larway|rlarwayhj@shareasale.com|19.10.1923
633|Sanderson Mennithorp|smennithorphk@answers.com|18.05.1970
634|Madalyn Connechy|mconnechyhl@weebly.com|14.12.1949
635|Koralle Egdale|kegdalehm@exblog.jp|20.10.1914
636|Wayland Coulton|wcoultonhn@tinypic.com|01.03.1910
637|Camellia Welbrock|cwelbrockho@naver.com|04.06.1957
638|Jolee Coutts|jcouttshp@ovh.net|20.11.1900
639|Myriam Wallbank|mwallbankhq@europa.eu|15.03.1968
640|Darla Ipsgrave|dipsgravehr@mapquest.com|20.08.1935
641|Valentine Lowe|vlowehs@yandex.ru|13.07.1933
642|Hephzibah Adamolli|hadamolliht@amazon.de|22.08.1973
643|Berton Cogdell|bcogdellhu@desdev.cn|02.02.1964
644|Brinna Kemshell|bkemshellhv@marketwatch.com|03.09.1941
645|Desmond Branchet|dbranchethw@aol.com|16.05.1982
646|Leia Woodus|lwoodushx@csmonitor.com|23.01.1993
647|Staford Shelliday|sshellidayhy@army.mil|11.12.1970
648|Anthia Saddleton|asaddletonhz@hugedomains.com|11.11.1907
649|Mommy Townsend|mtownsendi0@harvard.edu|21.06.1920
650|Ivette Roffe|iroffei1@comcast.net|10.07.1983
651|Abdul Leggate|aleggatei2@mapy.cz|02.07.1955
652|Upton Dillintone|udillintonei3@oakley.com|06.07.1924
653|Peggie Bulle|pbullei4@homestead.com|13.06.1933
654|Shane Yuryshev|syuryshevi5@yandex.ru|06.12.1946
655|Cordi Lambe|clambei6@ameblo.jp|29.12.1987
656|Gloria Jeayes|gjeayesi7@storify.com|29.10.1992
657|Trey Assandri|tassandrii8@angelfire.com|06.06.1984
658|Guthrey Codlin|gcodlini9@sphinn.com|27.11.1939
659|Karolina Jecock|kjecockia@omniture.com|08.09.1976
660|Torin Oakeby|toakebyib@nationalgeographic.com|08.12.1942
661|Jeanna Gilli|jgilliic@shareasale.com|16.07.1925
662|Flossi Lundy|flundyid@boston.com|23.09.1946
663|Baldwin Janczewski|bjanczewskiie@prnewswire.com|11.06.1923
664|Nicolais Bergin|nberginif@theguardian.com|21.01.1978
665|Vernor Jeandel|vjeandelig@accuweather.com|03.10.1988
666|Sharleen Cuttings|scuttingsih@youtube.com|02.09.2000
667|Herve Stourton|hstourtonii@domainmarket.com|17.03.1987
668|Kikelia Braun|kbraunij@oracle.com|20.11.1900
669|Kristel Bothie|kbothieik@ow.ly|25.01.1991
670|Hermy Henric|hhenricil@naver.com|05.11.1948
671|Bendick Ollet|bolletim@weather.com|07.10.1985
672|Chance Fitzer|cfitzerin@msu.edu|04.03.1997
673|Clerkclaude Judson|cjudsonio@odnoklassniki.ru|23.05.1954
674|Amie Gertray|agertrayip@time.com|01.09.1973
675|Abelard Vela|avelaiq@howstuffworks.com|03.05.1986
676|Luigi Hacking|lhackingir@google.cn|29.07.1959
677|Rivalee Doggett|rdoggettis@angelfire.com|14.05.1961
678|Steward Bynert|sbynertit@nps.gov|23.01.1952
679|Regen MacMenamie|rmacmenamieiu@adobe.com|16.09.1954
680|Ddene Maryska|dmaryskaiv@nba.com|30.07.1946
681|Darill Farron|dfarroniw@forbes.com|10.08.1967
682|Florian de Chastelain|fdeix@fda.gov|06.02.2002
683|Modesty Charley|mcharleyiy@hatena.ne.jp|10.07.1936
684|Jobie Geare|jgeareiz@hugedomains.com|24.08.1956
685|Margie Bonellie|mbonelliej0@wikimedia.org|19.11.1910
686|Lemmy Van der Velden|lvanj1@list-manage.com|12.02.1973
687|Tobiah Kaes|tkaesj2@pen.io|01.08.1961
688|Celine Delacoste|cdelacostej3@noaa.gov|22.11.1916
689|Sherill Lethbridge|slethbridgej4@miibeian.gov.cn|22.01.1956
690|Daryle Habert|dhabertj5@free.fr|01.09.1976
691|Abba Brisland|abrislandj6@aol.com|04.07.1922
692|Ricki Muckle|rmucklej7@unblog.fr|03.03.1974
693|Cobby Challicombe|cchallicombej8@blogspot.com|15.04.1937
694|Chrissie Boosey|cbooseyj9@cdc.gov|09.05.1946
695|Craig Cannavan|ccannavanja@pcworld.com|25.01.1945
696|Bethena Maith|bmaithjb@guardian.co.uk|18.04.1967
697|Claudine Dunridge|cdunridgejc@webnode.com|06.08.1991
698|Frederique Biggadyke|fbiggadykejd@deviantart.com|14.06.1944
699|Donnie Favelle|dfavelleje@networksolutions.com|02.10.1978
700|Hakeem Rapaport|hrapaportjf@fotki.com|29.04.1952
701|Levon Farraway|lfarrawayjg@stumbleupon.com|14.08.1947
702|Angeli Doorly|adoorlyjh@geocities.jp|18.03.1940
703|Michell Dealy|mdealyji@google.ca|24.09.1948
704|Andrus Davidek|adavidekjj@arizona.edu|01.04.1936
705|Alyse Ralling|arallingjk@wix.com|29.04.1905
706|Kenon Oxtaby|koxtabyjl@wordpress.org|10.06.1918
707|Bord Isard|bisardjm@webnode.com|07.08.1912
708|Wilhelm Godspeede|wgodspeedejn@whitehouse.gov|26.06.1989
709|Gannon Rolfo|grolfojo@youtu.be|02.09.1961
710|Klaus Reynard|kreynardjp@wiley.com|18.09.1901
711|Jordon Linklater|jlinklaterjq@pen.io|15.08.1956
712|Marge Wilfling|mwilflingjr@liveinternet.ru|14.03.1904
713|Elisha Kamien|ekamienjs@com.com|22.05.1960
714|Archer Cleaves|acleavesjt@washington.edu|10.03.1961
715|Elwyn Dominy|edominyju@google.ru|25.10.1941
716|Malinda Eykelbosch|meykelboschjv@uol.com.br|16.11.1935
717|Allis Brugsma|abrugsmajw@meetup.com|11.07.1947
718|Seth Hatliffe|shatliffejx@techcrunch.com|04.03.1944
719|Ashla Harwick|aharwickjy@sphinn.com|30.04.1957
720|Daniel Joincey|djoinceyjz@trellian.com|12.04.1934
721|Abagail Donaghy|adonaghyk0@prnewswire.com|02.05.1969
722|Jeromy Oades|joadesk1@php.net|29.01.1991
723|Marysa Baudon|mbaudonk2@cargocollective.com|13.03.1910
724|Wes Drance|wdrancek3@hc360.com|18.01.1946
725|Camille Priddey|cpriddeyk4@ed.gov|22.10.2003
726|Cory Methingam|cmethingamk5@freewebs.com|06.07.1911
727|Rebbecca Cottee|rcotteek6@jimdo.com|19.05.1930
728|David Walshe|dwalshek7@quantcast.com|01.07.1958
729|Corilla Cristofvao|ccristofvaok8@barnesandnoble.com|14.11.1943
730|Elna Birkinshaw|ebirkinshawk9@abc.net.au|02.06.1922
731|Portie Lintin|plintinka@paginegialle.it|05.09.1992
732|Amaleta California|acaliforniakb@umich.edu|09.05.1979
733|Ingelbert Dillway|idillwaykc@mac.com|08.05.1974
734|Cesya Ladon|cladonkd@theatlantic.com|05.08.1961
735|Chrystal Pipes|cpipeske@unc.edu|14.05.1966
736|Elana Battershall|ebattershallkf@sfgate.com|17.06.1981
737|Prudence Blackstone|pblackstonekg@gravatar.com|01.08.2000
738|Phillie Espinola|pespinolakh@a8.net|19.10.1941
739|Darnell Leyden|dleydenki@jalbum.net|20.08.1932
740|Iain Hubbard|ihubbardkj@microsoft.com|11.09.1983
741|Ardelis Bront|abrontkk@list-manage.com|22.06.1949
742|Cornie Marginson|cmarginsonkl@ezinearticles.com|18.12.1932
743|Chrystel Aaronson|caaronsonkm@arizona.edu|11.02.1976
744|Dionis Danbye|ddanbyekn@dagondesign.com|09.10.1961
745|Fanchon Antonazzi|fantonazziko@tiny.cc|06.11.1963
746|Vivia Albasini|valbasinikp@miibeian.gov.cn|17.01.1977
747|Tadeas Quartermain|tquartermainkq@pagesperso-orange.fr|24.01.1943
748|Glenden Gosker|ggoskerkr@unesco.org|30.03.1932
749|Bord Matfin|bmatfinks@unicef.org|25.09.1970
750|Alphonso Tretter|atretterkt@fema.gov|23.01.1953
751|Marcille Schruyer|mschruyerku@ted.com|03.08.1963
752|Allegra Pusey|apuseykv@microsoft.com|05.01.1915
753|Saw Ayree|sayreekw@epa.gov|03.04.1984
754|Christel Monketon|cmonketonkx@paginegialle.it|16.03.1996
755|Gabriello Kenna|gkennaky@spiegel.de|14.02.1905
756|Jordanna Loachhead|jloachheadkz@bing.com|21.06.1912
757|Kassie Atter|katterl0@technorati.com|30.04.1917
758|Corrie Klassman|cklassmanl1@theglobeandmail.com|20.07.1962
759|Perla Larcier|plarcierl2@phpbb.com|09.04.1924
760|Everett Champagne|echampagnel3@washingtonpost.com|10.07.1973
761|Sofia de Copeman|sdel4@hostgator.com|17.01.1942
762|Tawsha Stelle|tstellel5@mlb.com|17.02.1924
763|Hubert Eakle|heaklel6@mapy.cz|13.04.1977
764|Aland Grenkov|agrenkovl7@weather.com|11.08.1987
765|Uri Attiwill|uattiwilll8@cdc.gov|11.02.1965
766|Bart Eyres|beyresl9@sourceforge.net|20.06.1993
767|Annnora Hawthorn|ahawthornla@about.com|06.09.1947
768|Bennie Andreuzzi|bandreuzzilb@moonfruit.com|30.08.1904
769|Wolfie Painten|wpaintenlc@dedecms.com|29.11.1997
770|Shela Woodes|swoodesld@reuters.com|11.11.1974
771|Jody Wolfit|jwolfitle@ezinearticles.com|26.02.1947
772|Ryon Arent|rarentlf@ucla.edu|10.06.1964
773|Wallis Mival|wmivallg@sina.com.cn|14.11.1908
774|Jody Inchbald|jinchbaldlh@un.org|22.03.1953
775|Gerhardine Haffner|ghaffnerli@cam.ac.uk|26.09.1907
776|Katrina Thomelin|kthomelinlj@youku.com|29.11.1961
777|Gwyneth Goodson|ggoodsonlk@example.com|03.10.1981
778|Niko Corde|ncordell@mediafire.com|22.09.1953
779|Bernard Lobbe|blobbelm@usatoday.com|18.04.1902
780|Westleigh Amyes|wamyesln@answers.com|20.06.2001
781|Marissa Alecock|malecocklo@goo.ne.jp|27.09.1931
782|Melita Callear|mcallearlp@feedburner.com|08.11.1965
783|Tansy Awcoate|tawcoatelq@ustream.tv|10.08.1950
784|Rhona Seaking|rseakinglr@wikia.com|30.01.1934
785|Agnella Dorian|adorianls@latimes.com|24.06.1995
786|Maia Greenhough|mgreenhoughlt@people.com.cn|06.07.1949
787|Burg Porcher|bporcherlu@de.vu|17.08.1943
788|Kennan Desaur|kdesaurlv@livejournal.com|10.01.1999
789|Loise Weare|lwearelw@feedburner.com|19.07.2001
790|Ollie Orsman|oorsmanlx@home.pl|09.05.1910
791|Celesta Presho|cpresholy@drupal.org|30.01.1924
792|Dacy Brundall|dbrundalllz@independent.co.uk|07.01.1916
793|Randell Jallin|rjallinm0@gizmodo.com|01.12.1942
794|Gage O'Haire|gohairem1@boston.com|12.01.1908
795|Colet Fallowes|cfallowesm2@infoseek.co.jp|28.08.1908
796|Burt Fraczek|bfraczekm3@networkadvertising.org|28.08.1954
797|Nesta Bonas|nbonasm4@kickstarter.com|05.10.1903
798|Jenica Spinello|jspinellom5@berkeley.edu|14.12.1923
799|Netty Nawton|nnawtonm6@spotify.com|04.08.1945
800|Merrile Gon|mgonm7@disqus.com|18.03.1976
801|Lauren Digle|ldiglem8@hexun.com|11.07.1920
802|Ellary Beazleigh|ebeazleighm9@google.com.hk|22.06.1994
803|Aurthur Cobden|acobdenma@bbc.co.uk|03.01.1937
804|Georgiana Bockman|gbockmanmb@examiner.com|26.02.1975
805|Hieronymus Pohling|hpohlingmc@reuters.com|13.11.1952
806|Blake Camelli|bcamellimd@cnet.com|18.08.1995
807|Sasha Bollis|sbollisme@redcross.org|20.03.1914
808|Kiah Purkess|kpurkessmf@oaic.gov.au|14.02.1906
809|Phip Dublin|pdublinmg@livejournal.com|25.11.1968
810|Rebecca Hannigan|rhanniganmh@blogger.com|22.09.1911
811|Anson Davis|adavismi@stanford.edu|18.08.1949
812|Cissy Tonepohl|ctonepohlmj@google.co.jp|27.08.1992
813|Julia Belverstone|jbelverstonemk@hugedomains.com|19.11.1979
814|Melony Stolworthy|mstolworthyml@techcrunch.com|07.06.1921
815|Flossi Bruster|fbrustermm@deliciousdays.com|06.04.1927
816|Thibaud Chicken|tchickenmn@skyrock.com|15.06.1952
817|Kienan Pechan|kpechanmo@umich.edu|19.04.1985
818|Gerladina Hendrickson|ghendricksonmp@latimes.com|01.10.1980
819|Baxter Beetles|bbeetlesmq@cbc.ca|30.03.1984
820|Isac Morales|imoralesmr@zimbio.com|08.11.1951
821|Ashely Bartoli|abartolims@123-reg.co.uk|20.12.1983
822|Caroljean O'Noland|conolandmt@hp.com|16.05.1918
823|Claudian Hamblin|chamblinmu@homestead.com|21.07.1961
824|Nata Ettles|nettlesmv@gizmodo.com|20.03.1964
825|Glynn Joselovitch|gjoselovitchmw@shop-pro.jp|05.04.1944
826|Elfie Do Rosario|edomx@artisteer.com|02.04.1962
827|Candace Gritten|cgrittenmy@phpbb.com|06.02.1954
828|Odelle Refford|oreffordmz@weather.com|16.09.1903
829|Lilith Grindley|lgrindleyn0@google.fr|27.03.1957
830|Bridie Curtin|bcurtinn1@prnewswire.com|09.03.1918
831|Tawsha Hrihorovich|thrihorovichn2@stanford.edu|06.02.1921
832|Tally Work|tworkn3@photobucket.com|11.06.1976
833|Randene Nelane|rnelanen4@wix.com|04.05.1933
834|Kally Rosenblum|krosenblumn5@imageshack.us|27.10.1953
835|Byrom Yearron|byearronn6@google.ru|12.06.1984
836|Everett Radmore|eradmoren7@ftc.gov|03.05.1935
837|Ty Landy|tlandyn8@discuz.net|29.07.1992
838|Candy Advani|cadvanin9@livejournal.com|29.12.2001
839|Aubree Sirman|asirmanna@blog.com|11.09.1988
840|Herb Arnhold|harnholdnb@1688.com|22.10.1933
841|Nevile Chiswell|nchiswellnc@baidu.com|03.05.2002
842|Vinson Kirkman|vkirkmannd@cafepress.com|31.12.1991
843|Maitilde MacPhail|mmacphailne@google.it|27.09.1960
844|Lora Seeley|lseeleynf@twitter.com|17.02.1926
845|Malanie Farrow|mfarrowng@biglobe.ne.jp|15.01.2000
846|Antoine Botright|abotrightnh@printfriendly.com|06.07.1902
847|Jareb Dungey|jdungeyni@themeforest.net|20.04.1988
848|Jayme Stonier|jstoniernj@delicious.com|14.09.1998
849|Maude Danielian|mdanieliannk@harvard.edu|27.05.1923
850|Kelila Heugh|kheughnl@si.edu|08.06.1940
851|Darbie MacAne|dmacanenm@wordpress.com|04.06.1961
852|Odell Skeeles|oskeelesnn@tumblr.com|15.10.1968
853|Ferne Sauvain|fsauvainno@umn.edu|12.10.1972
854|Armstrong Rosi|arosinp@economist.com|24.01.1901
855|Cloe Kyne|ckynenq@msu.edu|25.09.1996
856|Jordanna Calwell|jcalwellnr@sphinn.com|17.06.1931
857|Herbert Bellocht|hbellochtns@europa.eu|22.04.1926
858|Roma Guess|rguessnt@studiopress.com|27.05.1909
859|Amerigo Grewes|agrewesnu@mac.com|16.04.1925
860|Javier Wadge|jwadgenv@mac.com|27.02.1988
861|Dollie O'Shevlin|doshevlinnw@msu.edu|02.09.1973
862|Lucinda Breakey|lbreakeynx@redcross.org|10.11.1936
863|Paddy Klimczak|pklimczakny@usatoday.com|07.08.2001
864|Arley Prahl|aprahlnz@lycos.com|15.11.1998
865|Bekki Gudger|bgudgero0@topsy.com|25.04.1974
866|Babb Spry|bspryo1@over-blog.com|07.04.1997
867|Kiel Archanbault|karchanbaulto2@dailymail.co.uk|21.03.1913
868|Scarlett Gladebeck|sgladebecko3@studiopress.com|22.07.1986
869|Tish Falls|tfallso4@google.pl|19.08.1999
870|Bird Marieton|bmarietono5@comsenz.com|19.05.1903
871|Jami Miettinen|jmiettineno6@simplemachines.org|04.07.1942
872|Mickie Tedman|mtedmano7@cdc.gov|28.06.1971
873|Gunar Gourdon|ggourdono8@usatoday.com|15.07.1960
874|Nerissa Fritchly|nfritchlyo9@lulu.com|01.09.1906
875|Martha Phythean|mphytheanoa@simplemachines.org|24.07.1953
876|Verile Deguara|vdeguaraob@indiegogo.com|18.01.1975
877|May Hallahan|mhallahanoc@shareasale.com|13.12.1972
878|Ofilia Gallop|ogallopod@goo.ne.jp|05.02.1913
879|Rinaldo Pollack|rpollackoe@smugmug.com|10.07.1923
880|Chad Hucke|chuckeof@example.com|03.09.1955
881|Celeste Fiddiman|cfiddimanog@reverbnation.com|29.01.1905
882|Xena Mogford|xmogfordoh@narod.ru|21.09.1905
883|Johnnie Ollcott|jollcottoi@statcounter.com|07.08.1921
884|Yevette Neno|ynenooj@discuz.net|15.10.1937
885|Chase Coxen|ccoxenok@illinois.edu|06.09.1949
886|Valdemar Thomsson|vthomssonol@wunderground.com|04.08.1929
887|Mel Cerman|mcermanom@smh.com.au|08.12.1973
888|Noni Wardroper|nwardroperon@paginegialle.it|08.07.1974
889|Harmony Malim|hmalimoo@ucla.edu|06.05.1997
890|Eleanora Clare|eclareop@issuu.com|17.07.1967
891|Sayers Beadles|sbeadlesoq@wisc.edu|01.07.1927
892|Rollie Siderfin|rsiderfinor@ezinearticles.com|23.10.1925
893|Annabella MacConchie|amacconchieos@princeton.edu|19.01.1949
894|Bone Stratley|bstratleyot@symantec.com|24.06.1955
895|Audrie Beirne|abeirneou@psu.edu|05.01.1910
896|Obed Pariso|oparisoov@hugedomains.com|24.08.1920
897|Sella A'Barrow|sabarrowow@ucsd.edu|03.06.1983
898|Teriann Tesseyman|ttesseymanox@sciencedaily.com|03.08.1981
899|Yankee Lohering|yloheringoy@123-reg.co.uk|04.11.1927
900|Tandie Gookey|tgookeyoz@comsenz.com|18.04.1917
901|Aidan Saynor|asaynorp0@acquirethisname.com|04.02.1918
902|Harley Espinoy|hespinoyp1@ucsd.edu|18.09.1958
903|Adrienne Napthine|anapthinep2@blogtalkradio.com|17.02.1921
904|Letizia Rivalant|lrivalantp3@a8.net|18.12.1974
905|Ulrica Lenham|ulenhamp4@sohu.com|16.11.1976
906|Baxy Tomini|btominip5@springer.com|05.03.1929
907|Kelbee Hansod|khansodp6@parallels.com|08.10.2001
908|Delaney Buddle|dbuddlep7@goo.ne.jp|01.12.1917
909|Udall Ribbens|uribbensp8@redcross.org|01.11.1936
910|Town Sighard|tsighardp9@ustream.tv|03.08.1986
911|Ermina Sier|esierpa@timesonline.co.uk|27.06.1952
912|Wadsworth Drinkwater|wdrinkwaterpb@slideshare.net|23.07.1906
913|Nicolle Jolly|njollypc@technorati.com|21.06.1982
914|Aviva Collimore|acollimorepd@mit.edu|25.05.1984
915|Michal Goodwins|mgoodwinspe@aol.com|15.12.1940
916|Goldy Messom|gmessompf@google.de|16.09.1944
917|Annmaria Beckson|abecksonpg@msn.com|28.04.1991
918|Breena Chalcot|bchalcotph@fastcompany.com|17.07.1929
919|Mavra Sikorski|msikorskipi@wunderground.com|03.11.1965
920|Shermy Spriggs|sspriggspj@nature.com|26.10.1939
921|Jena Lidell|jlidellpk@sfgate.com|13.06.1945
922|Frederik Broderick|fbroderickpl@lulu.com|19.05.1940
923|Stephani McClune|smcclunepm@cpanel.net|02.09.1951
924|Sean Kenwin|skenwinpn@ucla.edu|26.08.1994
925|Shantee Tomanek|stomanekpo@weebly.com|04.09.1962
926|Todd Elleton|telletonpp@nba.com|21.09.1983
927|Barb Kuhn|bkuhnpq@over-blog.com|05.04.1940
928|Lynde Bambra|lbambrapr@state.tx.us|21.02.1944
929|Nikki Giacopini|ngiacopinips@sun.com|27.11.1955
930|King Bythway|kbythwaypt@studiopress.com|01.06.1972
931|Rosaline Mulder|rmulderpu@infoseek.co.jp|16.04.1935
932|Malena Shilliday|mshillidaypv@comsenz.com|14.07.1997
933|Gloriane Emmison|gemmisonpw@github.io|24.10.1903
934|Bard Mintoff|bmintoffpx@wsj.com|12.02.1934
935|Ced Pescott|cpescottpy@google.it|07.03.1955
936|Archambault Beche|abechepz@independent.co.uk|26.10.1955
937|Marni Menlow|mmenlowq0@marketwatch.com|01.09.1908
938|Enrico Nisby|enisbyq1@lycos.com|09.06.1931
939|Lionello Twidell|ltwidellq2@studiopress.com|12.02.1970
940|Patric Bacup|pbacupq3@ted.com|08.03.2000
941|Cleo Keirl|ckeirlq4@stumbleupon.com|27.06.1915
942|Laurella Nealey|lnealeyq5@devhub.com|13.05.1959
943|Rodrick Boole|rbooleq6@rakuten.co.jp|10.09.1920
944|Remy Yeowell|ryeowellq7@apple.com|29.10.1945
945|Violette Lascell|vlascellq8@smugmug.com|31.07.1998
946|Noby Skull|nskullq9@amazon.co.uk|08.08.1992
947|Kevin Apfel|kapfelqa@miitbeian.gov.cn|19.07.1935
948|Rene Battany|rbattanyqb@bravesites.com|17.05.1930
949|Rachele Thebeaud|rthebeaudqc@who.int|03.09.1905
950|Judi Heinish|jheinishqd@chicagotribune.com|24.01.1939
951|Kaitlin Carillo|kcarilloqe@psu.edu|24.07.1969
952|Ari Rutgers|arutgersqf@surveymonkey.com|24.10.1913
953|Celestine Eger|cegerqg@elpais.com|10.10.1999
954|Franky Brewitt|fbrewittqh@cmu.edu|29.08.1925
955|Seana Wiper|swiperqi@vistaprint.com|19.05.1986
956|Jerry Lamp|jlampqj@alibaba.com|01.07.1939
957|Timmie Lanfranchi|tlanfranchiqk@wisc.edu|05.01.1926
958|Stephen Midford|smidfordql@washingtonpost.com|09.09.1956
959|Felice Jeckells|fjeckellsqm@symantec.com|31.12.1981
960|Shena Muddicliffe|smuddicliffeqn@cbc.ca|21.02.1965
961|Rodi Dollar|rdollarqo@timesonline.co.uk|02.02.1965
962|Luther O'Cahey|locaheyqp@senate.gov|04.09.1943
963|Alicea Bridgen|abridgenqq@miitbeian.gov.cn|29.04.1965
964|Herman Crosbie|hcrosbieqr@wikispaces.com|10.05.1914
965|Haskell Tunno|htunnoqs@xrea.com|06.05.1963
966|Gayel Sarver|gsarverqt@miitbeian.gov.cn|20.02.1966
967|Shandra Ondricek|sondricekqu@jiathis.com|11.08.1986
968|Genny Durnill|gdurnillqv@ft.com|30.10.1951
969|Anni Navein|anaveinqw@amazon.co.jp|15.10.1922
970|Barbe Carter|bcarterqx@house.gov|13.02.1945
971|Laureen Windross|lwindrossqy@mayoclinic.com|23.09.1934
972|Dolf Haskur|dhaskurqz@addthis.com|07.01.1937
973|Dev Roullier|droullierr0@geocities.com|24.05.1953
974|Priscilla Ramsbotham|pramsbothamr1@auda.org.au|18.06.1944
975|Jonas Garner|jgarnerr2@admin.ch|11.12.1955
976|Octavius Albin|oalbinr3@hibu.com|13.08.1985
977|Rochester Thorsen|rthorsenr4@moonfruit.com|16.07.1958
978|Glen Shippam|gshippamr5@europa.eu|19.05.1994
979|Krishnah Billitteri|kbillitterir6@boston.com|04.05.1958
980|Prentice Etoile|petoiler7@chron.com|31.08.1945
981|Frannie Lehrer|flehrerr8@bandcamp.com|29.02.2000
982|Imogen Layson|ilaysonr9@issuu.com|08.02.1968
983|Stanley Jerisch|sjerischra@tumblr.com|12.06.1932
984|Melicent Gresley|mgresleyrb@cbsnews.com|27.12.1945
985|Rayner Belward|rbelwardrc@wufoo.com|30.07.1954
986|Bertram Beurich|bbeurichrd@opera.com|17.10.1907
987|Bartholomeo Braven|bbravenre@51.la|17.04.1931
988|Ingrim McSperrin|imcsperrinrf@ebay.com|01.12.1960
989|Bella Novotna|bnovotnarg@spiegel.de|16.11.1939
990|Kerr Sandell|ksandellrh@w3.org|08.07.1966
991|Muriel Kill|mkillri@theglobeandmail.com|18.10.1952
992|Thayne Knee|tkneerj@craigslist.org|23.07.1969
993|Philbert Delacroux|pdelacrouxrk@loc.gov|02.09.1939
994|Windy Canto|wcantorl@wsj.com|25.09.1970
995|Craig Cancellieri|ccancellierirm@washington.edu|26.03.1950
996|Eliza Fozzard|efozzardrn@timesonline.co.uk|05.12.1926
997|Thedrick Pople|tpoplero@bloglovin.com|16.06.1992
998|Lynda Koles|lkolesrp@usnews.com|12.07.1960
999|Morganne Craker|mcrakerrq@squarespace.com|19.01.2001
1000|Mahala Noye|mnoyerr@businessweek.com|24.03.1901
